EventId,Type,Severity,Date,LocationLat,LocationLng,State
1,Rain,Light,2016-01-01,30.3371,-81.5127,FL
2,Rain,Light,2016-01-02,29.7086,-98.0453,TX
3,Rain,Light,2016-01-03,28.615,-80.6945,FL
4,Cold,Severe,2016-01-04,44.3853,-74.2062,NY
5,Rain,Light,2016-01-05,35.6694,-120.6291,CA
6,Rain,Light,2016-01-06,36.9394,-121.79,CA
7,Rain,Light,2016-01-07,29.9844,-95.3607,TX
8,Rain,Light,2016-01-08,27.9633,-82.54,FL
9,Fog,Severe,2016-01-09,26.1597,-97.3378,TX
10,Rain,Light,2016-01-10,35.0353,-85.2038,TN
11,Rain,Light,2016-01-11,26.9688,-99.2489,TX
12,Snow,Light,2016-01-12,41.7984,-78.6354,PA
13,Rain,Moderate,2016-01-13,46.9727,-123.9302,WA
14,Snow,Light,2016-01-14,43.2338,-75.407,NY
15,Rain,Moderate,2016-01-15,25.788,-80.3169,FL
16,Fog,Moderate,2016-01-16,40.0536,-106.3689,CO
17,Rain,Heavy,2016-01-17,29.1735,-81.0719,FL
18,Snow,Light,2016-01-18,42.1912,-71.1733,MA
19,Rain,Moderate,2016-01-19,36.9394,-121.79,CA
20,Fog,Severe,2016-01-20,38.6676,-121.4006,CA
21,Fog,Severe,2016-01-21,33.912,-84.941,GA
22,Rain,Light,2016-01-22,33.9154,-84.5163,GA
23,Rain,Light,2016-01-23,38.2132,-122.2807,CA
24,Snow,Light,2016-01-24,40.0444,-107.8883,CO
25,Cold,Severe,2016-01-25,32.6583,-97.0951,TX
26,Rain,Light,2016-01-26,36.7661,-80.8236,DC
27,Snow,Light,2016-01-27,41.9875,-87.9319,IL
28,Precipitation,UNK,2016-01-28,30.5979,-84.5574,FL
29,Rain,Light,2016-01-29,29.1735,-81.0719,FL
30,Snow,Light,2016-01-30,43.1167,-77.6767,NY
31,Snow,Light,2016-01-31,38.5054,-107.8981,CO
32,Rain,Light,2016-02-01,32.3239,-84.9826,GA
33,Fog,Moderate,2016-02-02,26.4417,-98.1222,TX
34,Rain,Heavy,2016-02-03,38.3981,-77.4555,DC
35,Rain,Heavy,2016-02-04,30.2347,-81.6746,FL
36,Snow,Light,2016-02-05,39.9194,-76.8769,PA
37,Rain,Light,2016-02-06,26.9185,-81.9939,FL
38,Fog,Moderate,2016-02-07,40.1206,-76.2945,PA
39,Snow,Light,2016-02-08,41.393,-70.6159,MA
40,Snow,Light,2016-02-09,41.7713,-88.4815,IL
41,Rain,Moderate,2016-02-10,47.4447,-122.3144,WA
42,Snow,Light,2016-02-11,40.3552,-79.9214,PA
43,Fog,Moderate,2016-02-12,30.9716,-84.6369,GA
44,Fog,Severe,2016-02-13,43.1167,-77.6767,NY
45,Snow,Light,2016-02-14,38.7213,-88.1799,IL
46,Rain,Light,2016-02-15,30.7044,-87.0231,FL
47,Rain,Light,2016-02-16,30.9791,-83.1925,GA
48,Snow,Light,2016-02-17,40.0324,-88.2755,IL
49,Rain,Light,2016-02-18,33.9,-117.25,CA
50,Rain,Light,2016-02-19,39.5279,-107.7196,CO
51,Fog,Moderate,2016-02-20,37.1824,-88.7489,IL
52,Fog,Moderate,2016-02-21,32.719,-98.891,TX
53,Fog,Moderate,2016-02-22,36.6656,-76.3206,DC
54,Rain,Light,2016-02-23,38.0097,-77.97,DC
55,Rain,Light,2016-02-24,42.2068,-75.9799,NY
56,Fog,Severe,2016-02-25,40.8034,-124.1128,CA
57,Snow,Light,2016-02-26,41.7984,-78.6354,PA
58,Snow,Light,2016-02-27,43.2338,-75.407,NY
59,Fog,Severe,2016-02-28,31.2589,-81.4661,GA
60,Rain,Light,2016-02-29,39.0712,-88.5292,IL
61,Fog,Moderate,2016-03-01,39.8308,-88.8719,IL
62,Rain,Light,2016-03-02,47.9689,-117.4211,WA
63,Rain,Moderate,2016-03-03,34.1159,-84.8506,GA
64,Rain,Light,2016-03-04,41.253,-70.061,MA
65,Rain,Light,2016-03-05,40.8034,-124.1128,CA
66,Fog,Severe,2016-03-06,47.2765,-121.3382,WA
67,Snow,Moderate,2016-03-07,41.3149,-122.31700000000001,CA
68,Rain,Light,2016-03-08,29.9844,-95.3607,TX
69,Rain,Light,2016-03-09,32.4444,-97.8169,TX
70,Rain,Moderate,2016-03-10,38.564,-90.1487,IL
71,Rain,Light,2016-03-11,47.6151,-117.6558,WA
72,Rain,Light,2016-03-12,40.5176,-90.6481,IL
73,Rain,Light,2016-03-13,36.9394,-121.79,CA
74,Rain,Light,2016-03-14,37.0829,-76.3605,DC
75,Rain,Light,2016-03-15,36.6272,-80.0133,DC
76,Rain,Light,2016-03-16,39.0712,-88.5292,IL
77,Rain,Light,2016-03-17,41.3335,-75.7227,PA
78,Fog,Moderate,2016-03-18,34.0235,-118.2912,CA
79,Rain,Light,2016-03-19,42.1933,-89.0933,IL
80,Fog,Moderate,2016-03-20,32.719,-98.891,TX
81,Snow,Light,2016-03-21,40.0789,-75.0134,PA
82,Rain,Light,2016-03-22,48.7991,-122.5406,WA
83,Storm,Severe,2016-03-23,38.4844,-106.3169,CO
84,Snow,Heavy,2016-03-24,41.7713,-88.4815,IL
85,Rain,Light,2016-03-25,27.9126,-82.6855,FL
86,Snow,Light,2016-03-26,37.5011,-105.1669,CO
87,Rain,Light,2016-03-27,30.7771,-86.5194,FL
88,Rain,Light,2016-03-28,37.1322,-76.494,DC
89,Fog,Severe,2016-03-29,27.2663,-80.8487,FL
90,Precipitation,UNK,2016-03-30,25.4949,-80.3732,FL
91,Fog,Moderate,2016-03-31,28.9562,-98.5184,TX
92,Rain,Light,2016-04-01,29.2653,-94.8604,TX
93,Snow,Light,2016-04-02,44.3853,-74.2062,NY
94,Snow,Heavy,2016-04-03,42.0744,-70.2182,MA
95,Rain,Moderate,2016-04-04,46.9727,-123.9302,WA
96,Rain,Light,2016-04-05,40.9329,-90.4334,IL
97,Fog,Moderate,2016-04-06,32.7339,-117.1845,CA
98,Rain,Light,2016-04-07,41.3518,-89.1496,IL
99,Snow,Light,2016-04-08,42.6973,-73.1696,MA
100,Snow,Light,2016-04-09,37.2076,-80.4078,DC
101,Rain,Light,2016-04-10,38.6676,-121.4006,CA
102,Rain,Light,2016-04-11,41.3335,-75.7227,PA
103,Rain,Light,2016-04-12,32.6453,-81.5971,GA
104,Fog,Severe,2016-04-13,31.0559,-82.7741,GA
105,Rain,Light,2016-04-14,31.9888,-83.7739,GA
106,Rain,Light,2016-04-15,38.239000000000004,-108.5668,CO
107,Storm,Severe,2016-04-16,38.4844,-106.3169,CO
108,Precipitation,UNK,2016-04-17,33.9786,-98.4928,TX
109,Snow,Light,2016-04-18,37.2863,-107.056,CO
110,Rain,Light,2016-04-19,27.7409,-98.0269,TX
111,Rain,Heavy,2016-04-20,33.9786,-98.4928,TX
112,Rain,Light,2016-04-21,39.5351,-89.3294,IL
113,Fog,Severe,2016-04-22,31.3097,-95.4039,TX
114,Fog,Moderate,2016-04-23,27.7734,-97.51299999999999,TX
115,Rain,Light,2016-04-24,28.3692,-97.7953,TX
116,Rain,Moderate,2016-04-25,42.4255,-87.8634,IL
117,Rain,Light,2016-04-26,42.2413,-78.3714,NY
118,Rain,Light,2016-04-27,37.9372,-75.4662,DC
119,Rain,Light,2016-04-28,33.9829,-83.6674,GA
120,Rain,Light,2016-04-29,30.7157,-96.3314,TX
121,Rain,Light,2016-04-30,35.3567,-89.8703,TN
122,Fog,Moderate,2016-05-01,34.4241,-119.8425,CA
123,Rain,Light,2016-05-02,36.3024,-119.9397,CA
124,Rain,Light,2016-05-03,27.2663,-80.8487,FL
125,Rain,Light,2016-05-04,42.1601,-72.7124,MA
126,Rain,Light,2016-05-05,40.9596,-72.2519,NY
127,Rain,Light,2016-05-06,40.1743,-103.2146,CO
128,Fog,Severe,2016-05-07,46.9727,-123.9302,WA
129,Cold,Severe,2016-05-08,37.6469,-75.7611,DC
130,Rain,Light,2016-05-09,38.5095,-89.09,IL
131,Rain,Light,2016-05-10,38.6093,-87.7251,IL
132,Fog,Severe,2016-05-11,35.2115,-84.7998,TN
133,Rain,Moderate,2016-05-12,41.7713,-88.4815,IL
134,Fog,Moderate,2016-05-13,37.3805,-120.5682,CA
135,Rain,Moderate,2016-05-14,32.6583,-97.0951,TX
136,Fog,Moderate,2016-05-15,32.719,-98.891,TX
137,Rain,Light,2016-05-16,41.4836,-120.5615,CA
138,Rain,Light,2016-05-17,38.7213,-88.1799,IL
139,Rain,Light,2016-05-18,38.6672,-78.5011,DC
140,Rain,Light,2016-05-19,31.4767,-82.8606,GA
141,Fog,Moderate,2016-05-20,30.3935,-84.3513,FL
142,Rain,Light,2016-05-21,36.6541,-83.2178,DC
143,Rain,Light,2016-05-22,36.7661,-80.8236,DC
144,Rain,Light,2016-05-23,47.0792,-122.5808,WA
145,Rain,Light,2016-05-24,28.4676,-80.5666,FL
146,Rain,Light,2016-05-25,39.6982,-87.6669,IL
147,Rain,Light,2016-05-26,38.2887,-104.5057,CO
148,Rain,Light,2016-05-27,31.7784,-95.7047,TX
149,Fog,Severe,2016-05-28,30.8794,-96.9711,TX
150,Fog,Moderate,2016-05-29,31.618000000000002,-97.2283,TX
151,Rain,Light,2016-05-30,33.1615,-95.6189,TX
152,Rain,Light,2016-05-31,29.2113,-99.7436,TX
153,Fog,Moderate,2016-06-01,34.8468,-111.7884,AZ
154,Rain,Light,2016-06-02,33.6514,-97.1969,TX
155,Rain,Light,2016-06-03,27.7685,-82.6256,FL
156,Rain,Light,2016-06-04,26.1758,-98.2386,TX
157,Rain,Light,2016-06-05,40.8534,-77.8401,PA
158,Rain,Light,2016-06-06,32.1314,-81.2023,GA
159,Rain,Light,2016-06-07,38.6672,-78.5011,DC
160,Rain,Light,2016-06-08,27.7685,-82.6256,FL
161,Fog,Moderate,2016-06-09,35.028,-110.72200000000001,AZ
162,Rain,Light,2016-06-10,46.2696,-119.1181,WA
163,Rain,Light,2016-06-11,32.5832,-96.7209,TX
164,Rain,Light,2016-06-12,30.0644,-85.5637,FL
165,Rain,Light,2016-06-13,40.1519,-122.2548,CA
166,Rain,Light,2016-06-14,38.9697,-104.8131,CO
167,Fog,Moderate,2016-06-15,34.7434,-118.7253,CA
168,Rain,Light,2016-06-16,31.2504,-82.3957,GA
169,Rain,Light,2016-06-17,32.699,-94.9489,TX
170,Fog,Severe,2016-06-18,29.505,-95.4765,TX
171,Rain,Light,2016-06-19,24.7263,-81.0477,FL
172,Rain,Moderate,2016-06-20,30.0692,-93.8036,TX
173,Rain,Light,2016-06-21,42.4269,-73.289,MA
174,Rain,Light,2016-06-22,40.2031,-87.5897,IL
175,Rain,Light,2016-06-23,36.7003,-76.9021,DC
176,Rain,Light,2016-06-24,47.0792,-122.5808,WA
177,Rain,Light,2016-06-25,27.0716,-82.4403,FL
178,Rain,Light,2016-06-26,42.2475,-89.581,IL
179,Fog,Severe,2016-06-27,32.567,-84.251,GA
180,Rain,Light,2016-06-28,38.9348,-77.4473,DC
181,Rain,Light,2016-06-29,32.567,-84.251,GA
182,Rain,Light,2016-06-30,38.239000000000004,-108.5668,CO
183,Fog,Severe,2016-07-01,34.7275,-120.5783,CA
184,Fog,Moderate,2016-07-02,29.908,-96.95,TX
185,Rain,Light,2016-07-03,37.1838,-77.5074,DC
186,Rain,Light,2016-07-04,33.1615,-95.6189,TX
187,Fog,Severe,2016-07-05,38.0887,-88.1213,IL
188,Rain,Light,2016-07-06,31.2504,-82.3957,GA
189,Fog,Moderate,2016-07-07,35.2115,-84.7998,TN
190,Rain,Light,2016-07-08,37.9514,-79.8339,DC
191,Rain,Light,2016-07-09,42.1078,-77.9842,NY
192,Rain,Light,2016-07-10,47.1377,-122.4765,WA
193,Fog,Severe,2016-07-11,34.7275,-120.5783,CA
194,Fog,Severe,2016-07-12,36.6272,-80.0133,DC
195,Fog,Severe,2016-07-13,38.0097,-77.97,DC
196,Rain,Light,2016-07-14,28.5465,-81.3354,FL
197,Rain,Light,2016-07-15,38.6446,-88.9612,IL
198,Rain,Light,2016-07-16,42.5519,-71.7558,MA
199,Rain,Light,2016-07-17,27.9471,-81.7811,FL
200,Rain,Moderate,2016-07-18,31.4584,-109.6068,AZ
201,Rain,Light,2016-07-19,38.1462,-89.7024,IL
202,Rain,Light,2016-07-20,31.0559,-82.7741,GA
203,Rain,Light,2016-07-21,28.2924,-81.4372,FL
204,Rain,Light,2016-07-22,28.804000000000002,-82.318,FL
205,Fog,Moderate,2016-07-23,34.8941,-120.4521,CA
206,Rain,Light,2016-07-24,41.9338,-88.7066,IL
207,Rain,Light,2016-07-25,26.5849,-81.8615,FL
208,Fog,Moderate,2016-07-26,40.9233,-88.6213,IL
209,Rain,Light,2016-07-27,32.0365,-102.101,TX
210,Rain,Light,2016-07-28,32.699,-94.9489,TX
211,Fog,Moderate,2016-07-29,38.5876,-77.715,DC
212,Rain,Light,2016-07-30,37.5115,-77.3234,DC
213,Rain,Moderate,2016-07-31,36.695,-76.1356,DC
214,Rain,Light,2016-08-01,29.6342,-104.3615,TX
215,Rain,Light,2016-08-02,48.7991,-122.5406,WA
216,Fog,Moderate,2016-08-03,35.2578,-113.9331,AZ
217,Rain,Light,2016-08-04,35.889,-101.03,TX
218,Rain,Light,2016-08-05,42.0454,-90.1101,IL
219,Rain,Heavy,2016-08-06,34.6491,-112.4223,AZ
220,Rain,Light,2016-08-07,26.5849,-81.8615,FL
221,Rain,Light,2016-08-08,38.7869,-108.0658,CO
222,Rain,Light,2016-08-09,27.2663,-80.8487,FL
223,Rain,Light,2016-08-10,30.349,-85.788,FL
224,Rain,Light,2016-08-11,41.253,-70.061,MA
225,Rain,Light,2016-08-12,42.2475,-89.581,IL
226,Rain,Light,2016-08-13,38.5095,-89.09,IL
227,Rain,Light,2016-08-14,29.3665,-100.7847,TX
228,Rain,Heavy,2016-08-15,30.4967,-97.9659,TX
229,Rain,Light,2016-08-16,31.4849,-97.3165,TX
230,Rain,Light,2016-08-17,29.2543,-96.1544,TX
231,Fog,Severe,2016-08-18,34.6069,-120.0756,CA
232,Rain,Heavy,2016-08-19,29.6375,-95.2824,TX
233,Rain,Light,2016-08-20,30.8721,-96.6222,TX
234,Rain,Light,2016-08-21,30.7439,-95.5861,TX
235,Rain,Light,2016-08-22,38.5339,-106.93299999999999,CO
236,Rain,Light,2016-08-23,31.2589,-81.4661,GA
237,Fog,Severe,2016-08-24,42.1599,-76.8916,NY
238,Fog,Moderate,2016-08-25,48.4709,-122.4209,WA
239,Rain,Light,2016-08-26,39.0503,-105.5144,CO
240,Rain,Light,2016-08-27,37.0639,-89.2232,IL
241,Cold,Severe,2016-08-28,33.4277,-112.0038,AZ
242,Rain,Light,2016-08-29,28.4183,-81.3241,FL
243,Rain,Moderate,2016-08-30,28.7248,-96.2535,TX
244,Cold,Severe,2016-08-31,33.3544,-84.5689,GA
245,Rain,Light,2016-09-01,42.193999999999996,-72.5348,MA
246,Fog,Moderate,2016-09-02,32.563,-117.1109,CA
247,Rain,Light,2016-09-03,37.2622,-104.3318,CO
248,Rain,Light,2016-09-04,39.4752,-106.1523,CO
249,Rain,Light,2016-09-05,29.908,-96.95,TX
250,Rain,Light,2016-09-06,47.0338,-120.5313,WA
251,Rain,Light,2016-09-07,24.5571,-81.7554,FL
252,Fog,Moderate,2016-09-08,40.5716,-102.2768,CO
253,Fog,Moderate,2016-09-09,29.343000000000004,-98.8497,TX
254,Rain,Light,2016-09-10,42.0454,-90.1101,IL
255,Cold,Severe,2016-09-11,41.6875,-69.9933,MA
256,Rain,Light,2016-09-12,31.0559,-82.7741,GA
257,Rain,Light,2016-09-13,40.1611,-105.1604,CO
258,Rain,Light,2016-09-14,38.5054,-107.8981,CO
259,Rain,Moderate,2016-09-15,26.1597,-97.3378,TX
260,Rain,Light,2016-09-16,34.8578,-102.3264,TX
261,Rain,Light,2016-09-17,33.0678,-96.0653,TX
262,Fog,Severe,2016-09-18,33.3544,-84.5689,GA
263,Rain,Light,2016-09-19,40.779,-73.9692,NY
264,Rain,Moderate,2016-09-20,26.1775,-97.9731,TX
265,Fog,Moderate,2016-09-21,33.9753,-117.6361,CA
266,Rain,Light,2016-09-22,36.6869,-77.4828,DC
267,Rain,Light,2016-09-23,37.2863,-107.056,CO
268,Rain,Light,2016-09-24,30.7439,-95.5861,TX
269,Rain,Light,2016-09-25,40.493,-107.5239,CO
270,Rain,Light,2016-09-26,27.8493,-82.5212,FL
271,Rain,Light,2016-09-27,26.5381,-81.7567,FL
272,Rain,Light,2016-09-28,42.1208,-87.9047,IL
273,Rain,Light,2016-09-29,38.8472,-77.0345,DC
274,Rain,Light,2016-09-30,26.5381,-81.7567,FL
275,Rain,Light,2016-10-01,47.6151,-117.6558,WA
276,Fog,Severe,2016-10-02,36.6169,-87.4117,TN
277,Rain,Heavy,2016-10-03,26.9185,-81.9939,FL
278,Fog,Severe,2016-10-04,29.3842,-98.5811,TX
279,Fog,Moderate,2016-10-05,32.7403,-95.4945,TX
280,Rain,Light,2016-10-06,40.6133,-103.2611,CO
281,Rain,Light,2016-10-07,30.2129,-81.8707,FL
282,Rain,Light,2016-10-08,36.6656,-76.3206,DC
283,Fog,Severe,2016-10-09,42.2706,-71.8731,MA
284,Rain,Moderate,2016-10-10,47.6214,-117.5278,WA
285,Rain,Light,2016-10-11,37.5011,-105.1669,CO
286,Rain,Light,2016-10-12,40.5176,-90.6481,IL
287,Rain,Light,2016-10-13,42.2413,-78.3714,NY
288,Rain,Light,2016-10-14,32.384,-94.7115,TX
289,Rain,Light,2016-10-15,26.199,-80.1776,FL
290,Rain,Light,2016-10-16,36.9394,-121.79,CA
291,Storm,Severe,2016-10-17,40.6133,-103.2611,CO
292,Fog,Moderate,2016-10-18,34.0235,-118.2912,CA
293,Fog,Moderate,2016-10-19,39.5351,-89.3294,IL
294,Rain,Moderate,2016-10-20,42.6439,-77.053,NY
295,Rain,Light,2016-10-21,42.2068,-75.9799,NY
296,Rain,Light,2016-10-22,36.6871,-82.0333,DC
297,Rain,Light,2016-10-23,46.9727,-123.9302,WA
298,Fog,Moderate,2016-10-24,39.774,-90.2419,IL
299,Fog,Severe,2016-10-25,30.0719,-83.5736,FL
300,Rain,Light,2016-10-26,40.9329,-90.4334,IL
301,Rain,Light,2016-10-27,41.3149,-122.31700000000001,CA
302,Fog,Severe,2016-10-28,36.4797,-82.3989,TN
303,Fog,Severe,2016-10-29,31.8693,-95.2174,TX
304,Fog,Severe,2016-10-30,29.505,-95.4765,TX
305,Rain,Light,2016-10-31,47.6214,-117.5278,WA
306,Cold,Severe,2016-11-01,32.2153,-98.1777,TX
307,Rain,Light,2016-11-02,38.7869,-108.0658,CO
308,Rain,Light,2016-11-03,38.6093,-87.7251,IL
309,Rain,Light,2016-11-04,38.0097,-77.97,DC
310,Fog,Moderate,2016-11-05,40.0993,-102.2431,CO
311,Rain,Light,2016-11-06,29.7086,-98.0453,TX
312,Rain,Moderate,2016-11-07,32.6809,-96.8682,TX
313,Rain,Light,2016-11-08,32.719,-98.891,TX
314,Rain,Light,2016-11-09,30.5881,-96.3639,TX
315,Fog,Moderate,2016-11-10,48.3552,-122.6635,WA
316,Rain,Light,2016-11-11,30.4278,-86.6893,FL
317,Rain,Light,2016-11-12,41.4836,-120.5615,CA
318,Rain,Light,2016-11-13,47.0338,-120.5313,WA
319,Rain,Light,2016-11-14,45.619,-121.1657,WA
320,Fog,Moderate,2016-11-15,29.9592,-81.34100000000001,FL
321,Fog,Severe,2016-11-16,38.5037,-122.811,CA
322,Fog,Moderate,2016-11-17,35.2115,-84.7998,TN
323,Fog,Moderate,2016-11-18,41.1795,-78.8933,PA
324,Storm,Severe,2016-11-19,39.078,-77.5575,DC
325,Precipitation,UNK,2016-11-20,40.7012,-74.009,NY
326,Fog,Severe,2016-11-21,28.0198,-82.3415,FL
327,Snow,Light,2016-11-22,37.5011,-105.1669,CO
328,Snow,Light,2016-11-23,47.2765,-121.3382,WA
329,Cold,Severe,2016-11-24,28.0837,-97.0466,TX
330,Fog,Moderate,2016-11-25,32.6934,-100.9505,TX
331,Fog,Moderate,2016-11-26,32.4208,-99.8546,TX
332,Fog,Moderate,2016-11-27,31.9206,-102.3867,TX
333,Rain,Light,2016-11-28,47.0338,-120.5313,WA
334,Fog,Severe,2016-11-29,30.5881,-96.3639,TX
335,Rain,Light,2016-11-30,42.4681,-71.2946,MA
336,Rain,Light,2016-12-01,47.9375,-124.555,WA
337,Snow,Light,2016-12-02,42.1078,-77.9842,NY
338,Storm,Severe,2016-12-03,39.7945,-105.7639,CO
339,Rain,Light,2016-12-04,47.5455,-122.3147,WA
340,Snow,Moderate,2016-12-05,43.1167,-77.6767,NY
341,Rain,Light,2016-12-06,30.9716,-84.6369,GA
342,Fog,Severe,2016-12-07,31.3824,-103.5107,TX
343,Fog,Moderate,2016-12-08,39.4752,-106.1523,CO
344,Rain,Light,2016-12-09,47.0792,-122.5808,WA
345,Snow,Light,2016-12-10,41.1382,-75.3797,PA
346,Rain,Light,2016-12-11,29.2113,-99.7436,TX
347,Rain,Light,2016-12-12,46.4772,-122.8065,WA
348,Rain,Light,2016-12-13,33.0062,-85.0661,GA
349,Rain,Heavy,2016-12-14,30.4781,-87.1869,FL
350,Rain,Light,2016-12-15,38.2667,-121.95,CA
351,Rain,Light,2016-12-16,34.0928,-117.7794,CA
352,Fog,Severe,2016-12-17,37.5011,-105.1669,CO
353,Snow,Light,2016-12-18,47.6151,-117.6558,WA
354,Rain,Light,2016-12-19,31.9888,-83.7739,GA
355,Rain,Light,2016-12-20,37.2863,-107.056,CO
356,Fog,Severe,2016-12-21,30.5069,-86.9597,FL
357,Precipitation,UNK,2016-12-22,33.4204,-112.6862,AZ
358,Rain,Light,2016-12-23,29.2543,-96.1544,TX
359,Rain,Light,2016-12-24,38.5095,-89.09,IL
360,Snow,Light,2016-12-25,38.239000000000004,-108.5668,CO
361,Fog,Severe,2016-12-26,40.5176,-90.6481,IL
362,Snow,Light,2016-12-27,46.6667,-120.45,WA
363,Fog,Moderate,2016-12-28,29.805,-95.8979,TX
364,Fog,Severe,2016-12-29,27.778000000000002,-97.6878,TX
365,Rain,Light,2016-12-30,32.8566,-109.63600000000001,AZ
366,Snow,Light,2016-12-31,35.9458,-112.1554,AZ
367,Rain,Moderate,2017-01-01,41.7837,-124.238,CA
368,Rain,Light,2017-01-02,31.7801,-103.2018,TX
369,Rain,Light,2017-01-03,32.5633,-82.9854,GA
370,Rain,Light,2017-01-04,42.1601,-72.7124,MA
371,Rain,Light,2017-01-05,36.5905,-121.8487,CA
372,Fog,Moderate,2017-01-06,28.804000000000002,-82.318,FL
373,Rain,Light,2017-01-07,26.2464,-80.111,FL
374,Snow,Light,2017-01-08,47.6828,-117.3226,WA
375,Rain,Light,2017-01-09,38.8984,-119.9962,CA
376,Rain,Light,2017-01-10,41.1795,-78.8933,PA
377,Rain,Light,2017-01-11,36.3712,-82.1734,TN
378,Rain,Light,2017-01-12,44.3853,-74.2062,NY
379,Fog,Severe,2017-01-13,39.1021,-121.5688,CA
380,Rain,Light,2017-01-14,29.9592,-81.34100000000001,FL
381,Rain,Light,2017-01-15,39.0712,-88.5292,IL
382,Snow,Light,2017-01-16,39.9008,-105.1042,CO
383,Fog,Severe,2017-01-17,40.3149,-78.8307,PA
384,Rain,Moderate,2017-01-18,32.8198,-97.3624,TX
385,Rain,Light,2017-01-19,32.8157,-117.1396,CA
386,Rain,Light,2017-01-20,30.3564,-87.3233,FL
387,Rain,Light,2017-01-21,33.1542,-83.2406,GA
388,Rain,Light,2017-01-22,31.3097,-95.4039,TX
389,Rain,Moderate,2017-01-23,37.3262,-79.2028,DC
390,Rain,Moderate,2017-01-24,40.9596,-72.2519,NY
391,Snow,Light,2017-01-25,38.6784,-104.7566,CO
392,Snow,Light,2017-01-26,38.9697,-104.8131,CO
393,Fog,Moderate,2017-01-27,35.3022,-112.1942,AZ
394,Fog,Moderate,2017-01-28,28.0997,-80.6356,FL
395,Rain,Light,2017-01-29,28.2422,-80.608,FL
396,Snow,Light,2017-01-30,41.6258,-80.2123,PA
397,Fog,Severe,2017-01-31,35.4344,-119.0542,CA
398,Snow,Moderate,2017-02-01,42.1601,-72.7124,MA
399,Rain,Light,2017-02-02,40.4381,-76.5643,PA
400,Rain,Light,2017-02-03,46.9733,-122.9033,WA
401,Fog,Severe,2017-02-04,28.2281,-82.1559,FL
402,Fog,Moderate,2017-02-05,33.0678,-96.0653,TX
403,Snow,Light,2017-02-06,44.3853,-74.2062,NY
404,Rain,Light,2017-02-07,37.1824,-88.7489,IL
405,Rain,Light,2017-02-08,42.57,-72.2869,MA
406,Rain,Moderate,2017-02-09,36.6272,-80.0133,DC
407,Rain,Light,2017-02-10,37.89,-121.2264,CA
408,Snow,Light,2017-02-11,41.6584,-70.5214,MA
409,Fog,Severe,2017-02-12,28.0198,-82.3415,FL
410,Rain,Light,2017-02-13,32.699,-94.9489,TX
411,Rain,Moderate,2017-02-14,30.1945,-97.6699,TX
412,Rain,Light,2017-02-15,37.5115,-77.3234,DC
413,Rain,Light,2017-02-16,47.0338,-120.5313,WA
414,Fog,Severe,2017-02-17,47.6151,-117.6558,WA
415,Fog,Severe,2017-02-18,29.2543,-96.1544,TX
416,Rain,Light,2017-02-19,47.0792,-122.5808,WA
417,Rain,Light,2017-02-20,29.3665,-100.7847,TX
418,Rain,Light,2017-02-21,39.6982,-87.6669,IL
419,Rain,Light,2017-02-22,24.7263,-81.0477,FL
420,Rain,Light,2017-02-23,36.7003,-76.9021,DC
421,Rain,Light,2017-02-24,43.1111,-76.1038,NY
422,Snow,Light,2017-02-25,41.5412,-87.5282,IL
423,Rain,Light,2017-02-26,46.6667,-120.45,WA
424,Rain,Light,2017-02-27,38.564,-90.1487,IL
425,Rain,Light,2017-02-28,42.5709,-77.7131,NY
426,Precipitation,UNK,2017-03-01,38.5261,-77.8574,DC
427,Rain,Light,2017-03-02,31.2589,-81.4661,GA
428,Rain,Light,2017-03-03,28.2422,-80.608,FL
429,Snow,Heavy,2017-03-04,48.2515,-122.6737,WA
430,Rain,Light,2017-03-05,37.3594,-121.9244,CA
431,Rain,Light,2017-03-06,41.8965,-88.2512,IL
432,Fog,Severe,2017-03-07,46.7438,-117.1158,WA
433,Rain,Light,2017-03-08,42.4681,-71.2946,MA
434,Rain,Light,2017-03-09,39.7341,-77.4304,PA
435,Snow,Light,2017-03-10,41.0254,-80.4134,PA
436,Rain,Light,2017-03-11,34.8544,-83.9973,GA
437,Rain,Light,2017-03-12,47.9375,-124.555,WA
438,Fog,Severe,2017-03-13,35.2115,-84.7998,TN
439,Rain,Moderate,2017-03-14,37.5115,-77.3234,DC
440,Cold,Severe,2017-03-15,32.5652,-97.3081,TX
441,Snow,Light,2017-03-16,42.6973,-73.1696,MA
442,Fog,Severe,2017-03-17,31.2589,-81.4661,GA
443,Fog,Moderate,2017-03-18,28.9562,-98.5184,TX
444,Fog,Severe,2017-03-19,40.3149,-78.8307,PA
445,Fog,Moderate,2017-03-20,30.9791,-83.1925,GA
446,Rain,Light,2017-03-21,37.2848,-120.5139,CA
447,Rain,Light,2017-03-22,48.2515,-122.6737,WA
448,Cold,Severe,2017-03-23,31.7801,-103.2018,TX
449,Rain,Light,2017-03-24,40.0444,-107.8883,CO
450,Rain,Light,2017-03-25,44.3853,-74.2062,NY
451,Rain,Light,2017-03-26,30.0644,-85.5637,FL
452,Rain,Light,2017-03-27,47.6151,-117.6558,WA
453,Rain,Light,2017-03-28,40.7012,-74.009,NY
454,Rain,Light,2017-03-29,38.75,-104.85,CO
455,Fog,Severe,2017-03-30,36.7003,-76.9021,DC
456,Rain,Light,2017-03-31,30.837,-85.1835,FL
457,Snow,Light,2017-04-01,42.4269,-73.289,MA
458,Rain,Moderate,2017-04-02,32.7092,-96.2674,TX
459,Rain,Light,2017-04-03,40.4774,-88.9143,IL
460,Rain,Light,2017-04-04,40.6499,-75.4477,PA
461,Snow,Light,2017-04-05,39.2299,-106.8705,CO
462,Rain,Light,2017-04-06,42.5519,-71.7558,MA
463,Rain,Light,2017-04-07,37.9917,-122.0519,CA
464,Rain,Light,2017-04-08,44.0556,-75.7195,NY
465,Rain,Light,2017-04-09,28.9562,-98.5184,TX
466,Snow,Light,2017-04-10,47.6151,-117.6558,WA
467,Rain,Light,2017-04-11,28.3692,-97.7953,TX
468,Rain,Light,2017-04-12,36.9394,-121.79,CA
469,Rain,Light,2017-04-13,31.8411,-99.4036,TX
470,Rain,Light,2017-04-14,30.5857,-100.6486,TX
471,Rain,Light,2017-04-15,42.2475,-89.581,IL
472,Rain,Heavy,2017-04-16,41.7713,-88.4815,IL
473,Rain,Light,2017-04-17,29.5297,-98.2789,TX
474,Rain,Light,2017-04-18,37.7178,-122.2329,CA
475,Rain,Light,2017-04-19,32.7092,-96.2674,TX
476,Rain,Heavy,2017-04-20,37.0639,-89.2232,IL
477,Cold,Severe,2017-04-21,36.6636,-121.6081,CA
478,Cold,Severe,2017-04-22,28.3692,-97.7953,TX
479,Rain,Moderate,2017-04-23,34.3478,-85.1611,GA
480,Rain,Light,2017-04-24,38.5033,-77.3013,DC
481,Rain,Light,2017-04-25,38.75,-104.85,CO
482,Rain,Light,2017-04-26,46.677,-122.9827,WA
483,Fog,Moderate,2017-04-27,28.4183,-81.3241,FL
484,Rain,Light,2017-04-28,33.7797,-82.8164,GA
485,Rain,Light,2017-04-29,31.8612,-106.3692,TX
486,Rain,Light,2017-04-30,32.0843,-97.0958,TX
487,Fog,Moderate,2017-05-01,33.3644,-81.9633,GA
488,Cold,Severe,2017-05-02,36.8949,-81.3499,DC
489,Rain,Light,2017-05-03,32.7092,-96.2674,TX
490,Fog,Moderate,2017-05-04,34.9908,-117.8631,CA
491,Rain,Moderate,2017-05-05,37.0639,-89.2232,IL
492,Rain,Moderate,2017-05-06,36.023,-84.2336,TN
493,Rain,Light,2017-05-07,34.021,-118.4471,CA
494,Fog,Severe,2017-05-08,40.4374,-104.6332,CO
495,Rain,Light,2017-05-09,33.6192,-114.7169,CA
496,Rain,Light,2017-05-10,39.5599,-104.8484,CO
497,Rain,Moderate,2017-05-11,40.6675,-89.6839,IL
498,Rain,Light,2017-05-12,36.6272,-80.0133,DC
499,Cold,Severe,2017-05-13,27.9471,-81.7811,FL
500,Rain,Moderate,2017-05-14,24.7263,-81.0477,FL
501,Rain,Light,2017-05-15,37.624,-118.838,CA
502,Rain,Light,2017-05-16,35.613,-100.9963,TX
503,Rain,Light,2017-05-17,29.3389,-98.4717,TX
504,Fog,Severe,2017-05-18,39.2733,-103.6674,CO
505,Snow,Light,2017-05-19,39.7852,-104.5431,CO
506,Rain,Light,2017-05-20,30.7406,-98.2353,TX
507,Rain,Light,2017-05-21,28.0837,-97.0466,TX
508,Rain,Light,2017-05-22,42.2706,-71.8731,MA
509,Rain,Light,2017-05-23,37.1325,-76.6088,DC
510,Rain,Light,2017-05-24,33.9486,-83.3263,GA
511,Rain,Light,2017-05-25,42.0744,-70.2182,MA
512,Rain,Light,2017-05-26,40.0378,-105.2274,CO
513,Rain,Light,2017-05-27,37.7833,-89.2453,IL
514,Fog,Moderate,2017-05-28,33.2544,-97.5806,TX
515,Rain,Light,2017-05-29,38.75,-104.85,CO
516,Rain,Light,2017-05-30,36.4797,-82.3989,TN
517,Rain,Moderate,2017-05-31,29.9767,-99.0855,TX
518,Rain,Heavy,2017-06-01,42.1601,-72.7124,MA
519,Rain,Light,2017-06-02,38.4844,-106.3169,CO
520,Rain,Moderate,2017-06-03,32.6583,-97.0951,TX
521,Rain,Light,2017-06-04,37.0829,-76.3605,DC
522,Rain,Light,2017-06-05,40.8505,-72.6193,NY
523,Rain,Light,2017-06-06,26.1597,-97.3378,TX
524,Rain,Light,2017-06-07,42.1599,-76.8916,NY
525,Fog,Moderate,2017-06-08,32.719,-98.891,TX
526,Rain,Light,2017-06-09,40.0503,-105.5839,CO
527,Rain,Light,2017-06-10,26.9185,-81.9939,FL
528,Fog,Moderate,2017-06-11,36.6656,-76.3206,DC
529,Rain,Moderate,2017-06-12,30.3934,-86.4674,FL
530,Fog,Moderate,2017-06-13,40.8193,-76.8658,PA
531,Fog,Moderate,2017-06-14,30.2129,-81.8707,FL
532,Rain,Moderate,2017-06-15,28.4739,-82.4537,FL
533,Rain,Light,2017-06-16,42.3606,-71.0097,MA
534,Rain,Light,2017-06-17,42.0454,-90.1101,IL
535,Rain,Light,2017-06-18,37.1824,-88.7489,IL
536,Rain,Light,2017-06-19,34.8544,-83.9973,GA
537,Rain,Light,2017-06-20,44.6799,-75.4642,NY
538,Rain,Light,2017-06-21,38.75,-104.85,CO
539,Rain,Light,2017-06-22,33.631,-85.152,GA
540,Rain,Moderate,2017-06-23,31.7936,-98.9565,TX
541,Fog,Moderate,2017-06-24,38.3557,-119.5188,CA
542,Fog,Severe,2017-06-25,41.0467,-78.4117,PA
543,Rain,Light,2017-06-26,31.429000000000002,-83.48899999999999,GA
544,Rain,Light,2017-06-27,32.01,-81.1457,GA
545,Rain,Light,2017-06-28,32.8566,-109.63600000000001,AZ
546,Rain,Light,2017-06-29,27.8493,-82.5212,FL
547,Rain,Heavy,2017-06-30,30.7044,-87.0231,FL
548,Rain,Light,2017-07-01,42.1599,-76.8916,NY
549,Rain,Light,2017-07-02,26.9185,-81.9939,FL
550,Rain,Light,2017-07-03,42.5519,-71.7558,MA
551,Rain,Light,2017-07-04,24.5571,-81.7554,FL
552,Rain,Light,2017-07-05,31.3514,-100.4939,TX
553,Rain,Light,2017-07-06,37.7081,-77.4344,DC
554,Rain,Light,2017-07-07,40.7769,-79.9497,PA
555,Rain,Light,2017-07-08,28.5465,-81.3354,FL
556,Rain,Light,2017-07-09,32.9322,-96.4348,TX
557,Rain,Light,2017-07-10,30.3567,-95.4139,TX
558,Rain,Light,2017-07-11,42.57,-72.2869,MA
559,Rain,Light,2017-07-12,28.866,-82.5741,FL
560,Rain,Light,2017-07-13,40.6499,-75.4477,PA
561,Cold,Severe,2017-07-14,38.2578,-122.6053,CA
562,Fog,Severe,2017-07-15,36.5905,-121.8487,CA
563,Rain,Light,2017-07-16,38.0972,-106.1689,CO
564,Rain,Light,2017-07-17,30.0719,-83.5736,FL
565,Fog,Severe,2017-07-18,44.9358,-74.8455,NY
566,Rain,Light,2017-07-19,38.7869,-108.0658,CO
567,Rain,Light,2017-07-20,30.349,-85.788,FL
568,Rain,Light,2017-07-21,30.9791,-83.1925,GA
569,Rain,Light,2017-07-22,41.8965,-88.2512,IL
570,Rain,Moderate,2017-07-23,28.866,-82.5741,FL
571,Rain,Moderate,2017-07-24,42.1599,-76.8916,NY
572,Rain,Light,2017-07-25,37.2622,-104.3318,CO
573,Rain,Moderate,2017-07-26,33.3644,-81.9633,GA
574,Rain,Light,2017-07-27,39.9371,-91.1966,IL
575,Rain,Moderate,2017-07-28,38.2472,-78.0456,DC
576,Rain,Light,2017-07-29,38.1374,-78.4552,DC
577,Rain,Light,2017-07-30,47.1377,-122.4765,WA
578,Fog,Severe,2017-07-31,38.5876,-77.715,DC
579,Rain,Light,2017-08-01,28.4183,-81.3241,FL
580,Rain,Moderate,2017-08-02,25.9146,-97.4231,TX
581,Rain,Light,2017-08-03,27.8493,-82.5212,FL
582,Rain,Light,2017-08-04,39.9008,-105.1042,CO
583,Rain,Moderate,2017-08-05,42.4908,-76.4583,NY
584,Rain,Light,2017-08-06,37.1824,-88.7489,IL
585,Rain,Moderate,2017-08-07,29.2113,-99.7436,TX
586,Fog,Moderate,2017-08-08,40.1611,-105.1604,CO
587,Fog,Moderate,2017-08-09,28.7248,-96.2535,TX
588,Fog,Severe,2017-08-10,40.8193,-76.8658,PA
589,Rain,Light,2017-08-11,33.5297,-82.5164,GA
590,Rain,Light,2017-08-12,38.1462,-89.7024,IL
591,Fog,Severe,2017-08-13,32.8542,-96.8551,TX
592,Rain,Light,2017-08-14,33.9786,-98.4928,TX
593,Fog,Moderate,2017-08-15,37.5136,-122.4996,CA
594,Rain,Light,2017-08-16,27.8493,-82.5212,FL
595,Rain,Light,2017-08-17,28.8214,-81.8096,FL
596,Rain,Moderate,2017-08-18,41.6791,-70.9591,MA
597,Fog,Moderate,2017-08-19,36.9851,-120.1106,CA
598,Rain,Light,2017-08-20,38.0887,-88.1213,IL
599,Fog,Severe,2017-08-21,47.9375,-124.555,WA
600,Fog,Severe,2017-08-22,41.243,-76.9217,PA
601,Rain,Light,2017-08-23,31.0559,-82.7741,GA
602,Rain,Light,2017-08-24,39.2231,-104.6422,CO
603,Rain,Light,2017-08-25,33.6011,-97.7735,TX
604,Rain,Light,2017-08-26,31.2589,-81.4661,GA
605,Rain,Light,2017-08-27,30.8721,-96.6222,TX
606,Rain,Moderate,2017-08-28,29.5291,-97.4643,TX
607,Rain,Heavy,2017-08-29,37.9372,-75.4662,DC
608,Fog,Severe,2017-08-30,28.0837,-97.0466,TX
609,Rain,Light,2017-08-31,34.2719,-83.8303,GA
610,Rain,Light,2017-09-01,36.6656,-76.3206,DC
611,Fog,Moderate,2017-09-02,38.7007,-121.5948,CA
612,Rain,Heavy,2017-09-03,32.4208,-99.8546,TX
613,Rain,Moderate,2017-09-04,34.021,-118.4471,CA
614,Fog,Moderate,2017-09-05,39.2281,-106.3161,CO
615,Fog,Moderate,2017-09-06,46.9727,-123.9302,WA
616,Rain,Light,2017-09-07,40.779,-73.9692,NY
617,Fog,Moderate,2017-09-08,38.7869,-108.0658,CO
618,Fog,Moderate,2017-09-09,33.535,-112.3832,AZ
619,Rain,Light,2017-09-10,27.4981,-80.3767,FL
620,Rain,Light,2017-09-11,27.9633,-82.54,FL
621,Rain,Light,2017-09-12,34.2719,-83.8303,GA
622,Rain,Light,2017-09-13,40.1962,-76.7725,PA
623,Rain,Light,2017-09-14,36.8949,-81.3499,DC
624,Fog,Severe,2017-09-15,36.009,-86.5201,TN
625,Rain,Light,2017-09-16,31.8331,-104.8098,TX
626,Fog,Severe,2017-09-17,36.6869,-77.4828,DC
627,Rain,Light,2017-09-18,46.56399999999999,-120.5348,WA
628,Rain,Light,2017-09-19,46.1155,-122.8927,WA
629,Rain,Light,2017-09-20,31.3975,-84.8948,GA
630,Fog,Severe,2017-09-21,38.2638,-78.8964,DC
631,Rain,Light,2017-09-22,28.8625,-96.9297,TX
632,Rain,Light,2017-09-23,41.6584,-70.5214,MA
633,Rain,Light,2017-09-24,39.2231,-104.6422,CO
634,Rain,Light,2017-09-25,40.3315,-103.807,CO
635,Rain,Moderate,2017-09-26,30.7406,-98.2353,TX
636,Fog,Moderate,2017-09-27,37.5136,-122.4996,CA
637,Rain,Light,2017-09-28,31.4213,-97.79700000000001,TX
638,Rain,Light,2017-09-29,46.4772,-122.8065,WA
639,Rain,Light,2017-09-30,41.3335,-75.7227,PA
640,Fog,Severe,2017-10-01,48.1585,-122.1591,WA
641,Fog,Severe,2017-10-02,47.1377,-122.4765,WA
642,Rain,Light,2017-10-03,26.6851,-80.0992,FL
643,Cold,Severe,2017-10-04,43.1083,-78.9382,NY
644,Rain,Light,2017-10-05,26.6851,-80.0992,FL
645,Rain,Moderate,2017-10-06,42.2475,-89.581,IL
646,Rain,Light,2017-10-07,34.4275,-100.2833,TX
647,Rain,Moderate,2017-10-08,32.3239,-84.9826,GA
648,Rain,Light,2017-10-09,43.3504,-76.3832,NY
649,Rain,Light,2017-10-10,42.193999999999996,-72.5348,MA
650,Fog,Severe,2017-10-11,47.2765,-121.3382,WA
651,Rain,Light,2017-10-12,43.2338,-75.407,NY
652,Rain,Light,2017-10-13,38.0718,-102.6874,CO
653,Rain,Light,2017-10-14,28.4676,-80.5666,FL
654,Cold,Severe,2017-10-15,27.9471,-81.7811,FL
655,Rain,Light,2017-10-16,43.3504,-76.3832,NY
656,Rain,Moderate,2017-10-17,46.9727,-123.9302,WA
657,Fog,Severe,2017-10-18,36.0528,-85.5359,TN
658,Rain,Light,2017-10-19,47.2675,-122.5761,WA
659,Fog,Severe,2017-10-20,32.3239,-84.9826,GA
660,Snow,Heavy,2017-10-21,40.0444,-107.8883,CO
661,Rain,Heavy,2017-10-22,29.1154,-95.4632,TX
662,Fog,Severe,2017-10-23,40.0789,-75.0134,PA
663,Rain,Moderate,2017-10-24,40.9596,-72.2519,NY
664,Rain,Light,2017-10-25,41.8756,-71.0211,MA
665,Fog,Moderate,2017-10-26,28.804000000000002,-82.318,FL
666,Fog,Severe,2017-10-27,47.1039,-122.2872,WA
667,Rain,Light,2017-10-28,32.3239,-84.9826,GA
668,Rain,Moderate,2017-10-29,40.5704,-75.4894,PA
669,Rain,Light,2017-10-30,43.2338,-75.407,NY
670,Snow,Moderate,2017-10-31,39.2281,-106.3161,CO
671,Rain,Light,2017-11-01,41.1382,-75.3797,PA
672,Rain,Light,2017-11-02,47.9233,-122.2831,WA
673,Rain,Light,2017-11-03,42.5709,-77.7131,NY
674,Fog,Severe,2017-11-04,27.8947,-98.0425,TX
675,Rain,Light,2017-11-05,41.5412,-87.5282,IL
676,Rain,Moderate,2017-11-06,43.3504,-76.3832,NY
677,Rain,Light,2017-11-07,37.3539,-78.4372,DC
678,Rain,Light,2017-11-08,36.8949,-81.3499,DC
679,Fog,Severe,2017-11-09,31.6839,-83.2709,GA
680,Snow,Light,2017-11-10,40.1365,-80.2902,PA
681,Fog,Severe,2017-11-11,39.1361,-121.4366,CA
682,Fog,Severe,2017-11-12,35.613,-100.9963,TX
683,Rain,Moderate,2017-11-13,46.9733,-122.9033,WA
684,Rain,Light,2017-11-14,47.1039,-122.2872,WA
685,Rain,Moderate,2017-11-15,38.8984,-119.9962,CA
686,Rain,Moderate,2017-11-16,40.7794,-73.8803,NY
687,Rain,Light,2017-11-17,41.7737,-122.4682,CA
688,Rain,Light,2017-11-18,39.774,-90.2419,IL
689,Fog,Severe,2017-11-19,42.1534,-79.258,NY
690,Fog,Severe,2017-11-20,44.3853,-74.2062,NY
691,Rain,Light,2017-11-21,39.0136,-87.6485,IL
692,Rain,Light,2017-11-22,48.1585,-122.1591,WA
693,Rain,Light,2017-11-23,30.2347,-81.6746,FL
694,Fog,Moderate,2017-11-24,30.3925,-97.5621,TX
695,Fog,Moderate,2017-11-25,30.7044,-87.0231,FL
696,Cold,Severe,2017-11-26,37.1838,-77.5074,DC
697,Rain,Light,2017-11-27,37.6589,-122.1211,CA
698,Fog,Severe,2017-11-28,28.9562,-98.5184,TX
699,Fog,Severe,2017-11-29,28.6516,-96.682,TX
700,Fog,Severe,2017-11-30,36.3115,-119.6231,CA
701,Fog,Severe,2017-12-01,47.2765,-121.3382,WA
702,Rain,Light,2017-12-02,47.1039,-122.2872,WA
703,Fog,Moderate,2017-12-03,39.1361,-121.4366,CA
704,Cold,Severe,2017-12-04,37.2076,-80.4078,DC
705,Fog,Severe,2017-12-05,32.9539,-84.2594,GA
706,Rain,Light,2017-12-06,30.7763,-83.2739,GA
707,Snow,Light,2017-12-07,31.7801,-103.2018,TX
708,Rain,Light,2017-12-08,33.0062,-85.0661,GA
709,Fog,Severe,2017-12-09,47.4903,-122.7648,WA
710,Fog,Moderate,2017-12-10,36.9599,-113.0139,AZ
711,Fog,Severe,2017-12-11,46.677,-122.9827,WA
712,Cold,Severe,2017-12-12,41.393,-70.6159,MA
713,Snow,Light,2017-12-13,36.8949,-81.3499,DC
714,Snow,Light,2017-12-14,39.9889,-75.5803,PA
715,Rain,Light,2017-12-15,29.3842,-98.5811,TX
716,Rain,Light,2017-12-16,33.11,-98.5553,TX
717,Rain,Light,2017-12-17,30.4278,-86.6893,FL
718,Rain,Light,2017-12-18,32.9322,-96.4348,TX
719,Rain,Moderate,2017-12-19,47.9375,-124.555,WA
720,Rain,Light,2017-12-20,29.6073,-95.1587,TX
721,Fog,Severe,2017-12-21,33.3116,-84.7698,GA
722,Rain,Light,2017-12-22,32.719,-98.891,TX
723,Rain,Light,2017-12-23,39.078,-77.5575,DC
724,Snow,Light,2017-12-24,40.1611,-105.1604,CO
725,Rain,Light,2017-12-25,27.7685,-82.6256,FL
726,Rain,Light,2017-12-26,30.1715,-96.9784,TX
727,Rain,Light,2017-12-27,24.7263,-81.0477,FL
728,Rain,Light,2017-12-28,47.9375,-124.555,WA
729,Fog,Moderate,2017-12-29,37.6928,-121.8144,CA
730,Rain,Light,2017-12-30,33.6514,-97.1969,TX
731,Fog,Severe,2017-12-31,34.0235,-118.2912,CA
732,Fog,Severe,2018-01-01,33.3013,-117.3551,CA
733,Snow,Light,2018-01-02,44.0556,-75.7195,NY
734,Rain,Light,2018-01-03,30.2347,-81.6746,FL
735,Snow,Light,2018-01-04,36.7801,-76.4488,DC
736,Rain,Light,2018-01-05,47.0792,-122.5808,WA
737,Rain,Light,2018-01-06,36.5905,-121.8487,CA
738,Snow,Light,2018-01-07,47.6151,-117.6558,WA
739,Rain,Light,2018-01-08,31.6412,-96.5144,TX
740,Rain,Light,2018-01-09,41.7016,-74.795,NY
741,Fog,Severe,2018-01-10,34.3478,-85.1611,GA
742,Snow,Light,2018-01-11,47.2765,-121.3382,WA
743,Rain,Light,2018-01-12,36.8211,-76.0283,DC
744,Fog,Severe,2018-01-13,42.1534,-79.258,NY
745,Fog,Moderate,2018-01-14,37.9917,-122.0519,CA
746,Snow,Light,2018-01-15,41.0687,-87.8537,IL
747,Cold,Severe,2018-01-16,40.7454,-106.2754,CO
748,Fog,Severe,2018-01-17,36.9851,-120.1106,CA
749,Fog,Severe,2018-01-18,36.3135,-119.3884,CA
750,Fog,Moderate,2018-01-19,40.6499,-75.4477,PA
751,Rain,Light,2018-01-20,32.8974,-97.022,TX
752,Snow,Light,2018-01-21,37.4393,-105.8618,CO
753,Rain,Light,2018-01-22,46.9727,-123.9302,WA
754,Fog,Severe,2018-01-23,46.9733,-122.9033,WA
755,Rain,Light,2018-01-24,48.4612,-119.5209,WA
756,Rain,Light,2018-01-25,38.5067,-121.49600000000001,CA
757,Rain,Light,2018-01-26,47.2381,-123.1408,WA
758,Rain,Light,2018-01-27,29.505,-95.4765,TX
759,Rain,Light,2018-01-28,33.6325,-83.8496,GA
760,Fog,Severe,2018-01-29,29.5291,-97.4643,TX
761,Snow,Light,2018-01-30,37.6469,-75.7611,DC
762,Rain,Light,2018-01-31,47.1377,-122.4765,WA
763,Rain,Light,2018-02-01,46.1155,-122.8927,WA
764,Rain,Light,2018-02-02,48.1219,-123.5066,WA
765,Fog,Severe,2018-02-03,37.6255,-120.9549,CA
766,Rain,Moderate,2018-02-04,40.1962,-76.7725,PA
767,Fog,Moderate,2018-02-05,36.3115,-119.6231,CA
768,Fog,Moderate,2018-02-06,36.9394,-121.79,CA
769,Rain,Light,2018-02-07,32.3239,-84.9826,GA
770,Snow,Light,2018-02-08,42.0454,-90.1101,IL
771,Rain,Light,2018-02-09,31.3975,-84.8948,GA
772,Rain,Light,2018-02-10,31.7784,-95.7047,TX
773,Rain,Heavy,2018-02-11,40.6392,-73.7639,NY
774,Fog,Severe,2018-02-12,40.4812,-107.2177,CO
775,Fog,Severe,2018-02-13,38.4844,-106.3169,CO
776,Storm,Severe,2018-02-14,38.4844,-106.3169,CO
777,Rain,Light,2018-02-15,40.7939,-73.1017,NY
778,Snow,Light,2018-02-16,44.3853,-74.2062,NY
779,Fog,Severe,2018-02-17,30.0719,-83.5736,FL
780,Rain,Light,2018-02-18,31.9478,-102.2086,TX
781,Rain,Light,2018-02-19,32.0843,-97.0958,TX
782,Rain,Moderate,2018-02-20,32.5652,-97.3081,TX
783,Rain,Light,2018-02-21,32.9733,-97.3181,TX
784,Rain,Light,2018-02-22,28.4567,-99.2183,TX
785,Rain,Light,2018-02-23,37.7833,-89.2453,IL
786,Rain,Light,2018-02-24,41.7016,-74.795,NY
787,Fog,Moderate,2018-02-25,39.2299,-106.8705,CO
788,Rain,Light,2018-02-26,33.9829,-83.9584,GA
789,Rain,Light,2018-02-27,29.7086,-98.0453,TX
790,Snow,Light,2018-02-28,31.4208,-110.8458,AZ
791,Rain,Light,2018-03-01,33.9786,-98.4928,TX
792,Rain,Light,2018-03-02,35.6656,-121.2847,CA
793,Snow,Light,2018-03-03,34.2638,-116.85600000000001,CA
794,Rain,Light,2018-03-04,37.89,-121.2264,CA
795,Rain,Light,2018-03-05,39.0712,-88.5292,IL
796,Rain,Light,2018-03-06,27.7734,-97.51299999999999,TX
797,Rain,Light,2018-03-07,40.7794,-73.8803,NY
798,Cold,Severe,2018-03-08,24.5571,-81.7554,FL
799,Fog,Severe,2018-03-09,41.1795,-78.8933,PA
800,Fog,Moderate,2018-03-10,37.6589,-122.1211,CA
801,Fog,Severe,2018-03-11,29.7086,-98.0453,TX
802,Rain,Light,2018-03-12,31.0559,-82.7741,GA
803,Snow,Moderate,2018-03-13,37.6469,-75.7611,DC
804,Snow,Light,2018-03-14,41.4836,-120.5615,CA
805,Snow,Light,2018-03-15,39.275,-120.7097,CA
806,Rain,Light,2018-03-16,37.6255,-120.9549,CA
807,Rain,Light,2018-03-17,33.0375,-116.9158,CA
808,Fog,Severe,2018-03-18,30.3564,-87.3233,FL
809,Snow,Light,2018-03-19,39.8466,-104.6562,CO
810,Fog,Severe,2018-03-20,36.9211,-111.4487,AZ
811,Rain,Light,2018-03-21,37.624,-118.838,CA
812,Rain,Light,2018-03-22,34.2119,-119.0916,CA
813,Rain,Light,2018-03-23,47.0792,-122.5808,WA
814,Snow,Light,2018-03-24,47.2765,-121.3382,WA
815,Rain,Light,2018-03-25,31.7784,-95.7047,TX
816,Rain,Light,2018-03-26,30.9791,-83.1925,GA
817,Rain,Light,2018-03-27,33.6514,-97.1969,TX
818,Rain,Light,2018-03-28,42.0454,-90.1101,IL
819,Rain,Light,2018-03-29,38.5452,-89.8352,IL
820,Rain,Light,2018-03-30,30.837,-85.1835,FL
821,Fog,Moderate,2018-03-31,39.4752,-106.1523,CO
822,Rain,Light,2018-04-01,33.6514,-97.1969,TX
823,Snow,Light,2018-04-02,40.6675,-89.6839,IL
824,Fog,Severe,2018-04-03,39.9889,-75.5803,PA
825,Rain,Light,2018-04-04,35.5931,-88.9167,TN
826,Snow,Light,2018-04-05,42.4269,-73.289,MA
827,Snow,Moderate,2018-04-06,41.8756,-71.0211,MA
828,Rain,Moderate,2018-04-07,46.6667,-120.45,WA
829,Rain,Light,2018-04-08,37.4514,-106.8003,CO
830,Fog,Severe,2018-04-09,42.1534,-79.258,NY
831,Rain,Light,2018-04-10,47.9689,-117.4211,WA
832,Storm,Severe,2018-04-11,39.7945,-105.7639,CO
833,Rain,Light,2018-04-12,40.9785,-124.1048,CA
834,Fog,Severe,2018-04-13,46.4772,-122.8065,WA
835,Rain,Moderate,2018-04-14,39.8453,-89.684,IL
836,Rain,Light,2018-04-15,42.2706,-71.8731,MA
837,Rain,Moderate,2018-04-16,36.6824,-76.6019,DC
838,Rain,Light,2018-04-17,46.1155,-122.8927,WA
839,Rain,Light,2018-04-18,44.6509,-73.4681,NY
840,Fog,Severe,2018-04-19,46.9733,-122.9033,WA
841,Fog,Severe,2018-04-20,39.2299,-106.8705,CO
842,Snow,Light,2018-04-21,39.7852,-104.5431,CO
843,Rain,Light,2018-04-22,25.4949,-80.3732,FL
844,Rain,Light,2018-04-23,31.1522,-81.3908,GA
845,Rain,Light,2018-04-24,36.6869,-77.4828,DC
846,Rain,Light,2018-04-25,32.719,-98.891,TX
847,Rain,Light,2018-04-26,32.3537,-97.4338,TX
848,Rain,Light,2018-04-27,41.243,-76.9217,PA
849,Fog,Severe,2018-04-28,44.3853,-74.2062,NY
850,Fog,Severe,2018-04-29,32.9322,-96.4348,TX
851,Rain,Light,2018-04-30,46.677,-122.9827,WA
852,Cold,Severe,2018-05-01,26.1775,-97.9731,TX
853,Rain,Light,2018-05-02,33.8977,-117.6024,CA
854,Rain,Light,2018-05-03,39.2231,-104.6422,CO
855,Rain,Moderate,2018-05-04,31.0858,-97.6865,TX
856,Rain,Light,2018-05-05,37.8128,-88.5449,IL
857,Rain,Light,2018-05-06,39.4743,-88.2723,IL
858,Fog,Moderate,2018-05-07,34.2119,-119.0916,CA
859,Fog,Severe,2018-05-08,29.505,-95.4765,TX
860,Rain,Light,2018-05-09,38.5452,-89.8352,IL
861,Fog,Severe,2018-05-10,29.1154,-95.4632,TX
862,Fog,Moderate,2018-05-11,35.2805,-116.63,CA
863,Rain,Light,2018-05-12,39.7133,-104.7581,CO
864,Fog,Severe,2018-05-13,40.7769,-79.9497,PA
865,Rain,Light,2018-05-14,39.9008,-105.1042,CO
866,Rain,Light,2018-05-15,44.6799,-75.4642,NY
867,Rain,Light,2018-05-16,26.1554,-81.7746,FL
868,Fog,Moderate,2018-05-17,32.567,-84.251,GA
869,Rain,Light,2018-05-18,36.023,-84.2336,TN
870,Fog,Moderate,2018-05-19,40.4368,-75.3802,PA
871,Rain,Light,2018-05-20,32.5633,-82.9854,GA
872,Rain,Light,2018-05-21,38.3557,-119.5188,CA
873,Rain,Light,2018-05-22,31.3824,-103.5107,TX
874,Fog,Severe,2018-05-23,28.8625,-96.9297,TX
875,Rain,Light,2018-05-24,36.0252,-102.5487,TX
876,Rain,Light,2018-05-25,25.9995,-80.2412,FL
877,Rain,Light,2018-05-26,30.9791,-83.1925,GA
878,Rain,Light,2018-05-27,32.6091,-82.3699,GA
879,Rain,Light,2018-05-28,40.2895,-88.1473,IL
880,Rain,Moderate,2018-05-29,25.6423,-80.4347,FL
881,Rain,Light,2018-05-30,36.1189,-86.6892,TN
882,Rain,Light,2018-05-31,38.8472,-77.0345,DC
883,Fog,Severe,2018-06-01,37.3262,-79.2028,DC
884,Fog,Moderate,2018-06-02,27.9471,-81.7811,FL
885,Rain,Light,2018-06-03,42.0454,-90.1101,IL
886,Rain,Light,2018-06-04,40.2964,-78.32,PA
887,Rain,Light,2018-06-05,40.1365,-80.2902,PA
888,Rain,Light,2018-06-06,43.1167,-77.6767,NY
889,Fog,Moderate,2018-06-07,40.3552,-79.9214,PA
890,Hail,Other,2018-06-08,32.4208,-99.8546,TX
891,Rain,Light,2018-06-09,42.2475,-89.581,IL
892,Rain,Moderate,2018-06-10,39.4743,-88.2723,IL
893,Rain,Light,2018-06-11,41.8965,-88.2512,IL
894,Rain,Light,2018-06-12,28.0837,-97.0466,TX
895,Rain,Light,2018-06-13,44.0556,-75.7195,NY
896,Rain,Light,2018-06-14,33.227,-84.275,GA
897,Rain,Light,2018-06-15,30.4967,-97.9659,TX
898,Rain,Light,2018-06-16,32.8875,-112.72,AZ
899,Rain,Moderate,2018-06-17,29.1637,-82.221,FL
900,Fog,Severe,2018-06-18,34.8544,-83.9973,GA
901,Rain,Light,2018-06-19,40.0117,-105.0503,CO
902,Rain,Light,2018-06-20,28.3692,-97.7953,TX
903,Rain,Heavy,2018-06-21,42.2475,-89.581,IL
904,Rain,Moderate,2018-06-22,38.6672,-78.5011,DC
905,Rain,Light,2018-06-23,33.3544,-84.5689,GA
906,Rain,Light,2018-06-24,43.2338,-75.407,NY
907,Rain,Moderate,2018-06-25,38.7213,-88.1799,IL
908,Fog,Severe,2018-06-26,34.8544,-83.9973,GA
909,Rain,Light,2018-06-27,29.0569,-80.9491,FL
910,Rain,Light,2018-06-28,33.3544,-84.5689,GA
911,Rain,Light,2018-06-29,31.1377,-83.7041,GA
912,Rain,Light,2018-06-30,48.7081,-122.90899999999999,WA
913,Rain,Heavy,2018-07-01,32.719,-98.891,TX
914,Rain,Light,2018-07-02,33.6301,-84.4418,GA
915,Rain,Light,2018-07-03,33.6637,-101.8206,TX
916,Rain,Light,2018-07-04,30.8857,-94.0349,TX
917,Fog,Moderate,2018-07-05,27.9471,-81.7811,FL
918,Rain,Light,2018-07-06,42.94,-78.736,NY
919,Fog,Moderate,2018-07-07,32.6922,-117.2098,CA
920,Rain,Heavy,2018-07-08,28.8625,-96.9297,TX
921,Rain,Light,2018-07-09,30.0692,-93.8036,TX
922,Rain,Light,2018-07-10,33.535,-112.3832,AZ
923,Fog,Severe,2018-07-11,30.0719,-83.5736,FL
924,Rain,Light,2018-07-12,37.4514,-106.8003,CO
925,Rain,Light,2018-07-13,33.9786,-98.4928,TX
926,Rain,Light,2018-07-14,31.4767,-82.8606,GA
927,Fog,Severe,2018-07-15,31.2589,-81.4661,GA
928,Fog,Moderate,2018-07-16,29.805,-95.8979,TX
929,Rain,Light,2018-07-17,31.7936,-98.9565,TX
930,Rain,Heavy,2018-07-18,32.01,-81.1457,GA
931,Rain,Light,2018-07-19,32.1108,-84.1888,GA
932,Rain,Light,2018-07-20,33.7776,-84.5246,GA
933,Rain,Light,2018-07-21,42.1933,-89.0933,IL
934,Rain,Light,2018-07-22,37.9372,-75.4662,DC
935,Rain,Moderate,2018-07-23,40.2964,-78.32,PA
936,Fog,Severe,2018-07-24,40.238,-75.5549,PA
937,Fog,Severe,2018-07-25,28.6516,-96.682,TX
938,Fog,Severe,2018-07-26,41.0467,-78.4117,PA
939,Rain,Light,2018-07-27,42.1534,-79.258,NY
940,Rain,Light,2018-07-28,32.6583,-97.0951,TX
941,Rain,Light,2018-07-29,37.1838,-77.5074,DC
942,Rain,Heavy,2018-07-30,36.695,-76.1356,DC
943,Fog,Moderate,2018-07-31,40.1519,-122.2548,CA
944,Rain,Light,2018-08-01,27.778000000000002,-97.6878,TX
945,Fog,Severe,2018-08-02,38.0887,-88.1213,IL
946,Rain,Light,2018-08-03,33.3644,-81.9633,GA
947,Fog,Severe,2018-08-04,40.1519,-122.2548,CA
948,Rain,Light,2018-08-05,39.0503,-105.5144,CO
949,Fog,Severe,2018-08-06,44.3853,-74.2062,NY
950,Fog,Severe,2018-08-07,40.1206,-76.2945,PA
951,Rain,Light,2018-08-08,30.4781,-87.1869,FL
952,Rain,Light,2018-08-09,42.5841,-70.9153,MA
953,Rain,Light,2018-08-10,41.7841,-87.7551,IL
954,Precipitation,UNK,2018-08-11,40.7012,-74.009,NY
955,Rain,Light,2018-08-12,47.9233,-122.2831,WA
956,Rain,Heavy,2018-08-13,30.3842,-103.6836,TX
957,Rain,Moderate,2018-08-14,36.6272,-80.0133,DC
958,Precipitation,UNK,2018-08-15,26.1554,-81.7746,FL
959,Rain,Light,2018-08-16,40.2895,-88.1473,IL
960,Rain,Light,2018-08-17,31.554000000000002,-81.8825,GA
961,Rain,Moderate,2018-08-18,42.4269,-73.289,MA
962,Rain,Light,2018-08-19,40.4381,-76.5643,PA
963,Rain,Light,2018-08-20,37.7081,-77.4344,DC
964,Rain,Light,2018-08-21,40.4814,-80.2083,PA
965,Rain,Light,2018-08-22,42.2068,-75.9799,NY
966,Cold,Severe,2018-08-23,31.3975,-84.8948,GA
967,Rain,Light,2018-08-24,38.1462,-89.7024,IL
968,Rain,Light,2018-08-25,38.0887,-88.1213,IL
969,Rain,Light,2018-08-26,35.6575,-109.0614,AZ
970,Rain,Light,2018-08-27,41.6258,-80.2123,PA
971,Rain,Light,2018-08-28,25.9102,-80.2828,FL
972,Rain,Light,2018-08-29,42.1534,-79.258,NY
973,Fog,Moderate,2018-08-30,32.719,-98.891,TX
974,Rain,Light,2018-08-31,39.7945,-105.7639,CO
975,Fog,Severe,2018-09-01,41.0254,-80.4134,PA
976,Rain,Light,2018-09-02,35.9458,-112.1554,AZ
977,Rain,Heavy,2018-09-03,29.2653,-94.8604,TX
978,Rain,Light,2018-09-04,38.5033,-77.3013,DC
979,Rain,Light,2018-09-05,31.1059,-98.1975,TX
980,Fog,Severe,2018-09-06,35.889,-101.03,TX
981,Fog,Severe,2018-09-07,36.6272,-80.0133,DC
982,Fog,Severe,2018-09-08,34.4241,-119.8425,CA
983,Fog,Severe,2018-09-09,36.8949,-81.3499,DC
984,Rain,Light,2018-09-10,40.7794,-73.8803,NY
985,Fog,Moderate,2018-09-11,29.6334,-83.1054,FL
986,Rain,Light,2018-09-12,40.779,-73.9692,NY
987,Rain,Light,2018-09-13,29.1154,-95.4632,TX
988,Rain,Light,2018-09-14,28.866,-82.5741,FL
989,Fog,Severe,2018-09-15,47.2381,-123.1408,WA
990,Rain,Light,2018-09-16,29.6342,-104.3615,TX
991,Rain,Light,2018-09-17,30.8458,-85.6014,FL
992,Rain,Heavy,2018-09-18,41.9085,-70.7279,MA
993,Rain,Light,2018-09-19,29.3842,-98.5811,TX
994,Fog,Severe,2018-09-20,47.2381,-123.1408,WA
995,Rain,Light,2018-09-21,38.5452,-89.8352,IL
996,Rain,Light,2018-09-22,33.1615,-95.6189,TX
997,Rain,Moderate,2018-09-23,37.3262,-79.2028,DC
998,Rain,Light,2018-09-24,40.8534,-77.8401,PA
999,Rain,Light,2018-09-25,42.57,-72.2869,MA
1000,Rain,Light,2018-09-26,31.2359,-94.7546,TX
1001,Rain,Light,2018-09-27,39.9889,-75.5803,PA
1002,Rain,Light,2018-09-28,28.615,-80.6945,FL
1003,Rain,Light,2018-09-29,32.6091,-82.3699,GA
1004,Rain,Light,2018-09-30,26.9688,-99.2489,TX
1005,Cold,Severe,2018-10-01,31.429000000000002,-83.48899999999999,GA
1006,Fog,Severe,2018-10-02,47.2765,-121.3382,WA
1007,Rain,Light,2018-10-03,40.1206,-76.2945,PA
1008,Rain,Light,2018-10-04,38.7869,-108.0658,CO
1009,Rain,Light,2018-10-05,46.9727,-123.9302,WA
1010,Rain,Moderate,2018-10-06,41.0687,-87.8537,IL
1011,Fog,Severe,2018-10-07,38.9439,-104.5684,CO
1012,Rain,Light,2018-10-08,47.1039,-122.2872,WA
1013,Rain,Light,2018-10-09,39.9008,-105.1042,CO
1014,Fog,Severe,2018-10-10,29.5297,-98.2789,TX
1015,Rain,Heavy,2018-10-11,36.7661,-80.8236,DC
1016,Fog,Severe,2018-10-12,42.4681,-71.2946,MA
1017,Fog,Severe,2018-10-13,46.4772,-122.8065,WA
1018,Fog,Severe,2018-10-14,41.3779,-79.8604,PA
1019,Rain,Moderate,2018-10-15,32.8542,-96.8551,TX
1020,Rain,Light,2018-10-16,36.9827,-77.0014,DC
1021,Rain,Light,2018-10-17,30.3925,-97.5621,TX
1022,Rain,Light,2018-10-18,30.2189,-96.3742,TX
1023,Rain,Light,2018-10-19,39.1605,-89.6742,IL
1024,Cold,Severe,2018-10-20,40.2759,-79.4048,PA
1025,Rain,Light,2018-10-21,42.4681,-71.2946,MA
1026,Fog,Moderate,2018-10-22,46.677,-122.9827,WA
1027,Rain,Light,2018-10-23,42.1078,-77.9842,NY
1028,Rain,Moderate,2018-10-24,31.8331,-104.8098,TX
1029,Rain,Moderate,2018-10-25,32.8974,-97.022,TX
1030,Rain,Light,2018-10-26,47.6151,-117.6558,WA
1031,Fog,Severe,2018-10-27,47.1039,-122.2872,WA
1032,Rain,Light,2018-10-28,37.1824,-88.7489,IL
1033,Rain,Light,2018-10-29,37.1373,-80.6785,DC
1034,Fog,Severe,2018-10-30,47.9689,-117.4211,WA
1035,Rain,Light,2018-10-31,47.193000000000005,-119.3145,WA
1036,Rain,Light,2018-11-01,28.9562,-98.5184,TX
1037,Rain,Light,2018-11-02,34.3122,-84.4222,GA
1038,Rain,Light,2018-11-03,36.7801,-76.4488,DC
1039,Rain,Moderate,2018-11-04,30.068,-95.5562,TX
1040,Cold,Severe,2018-11-05,30.837,-85.1835,FL
1041,Fog,Moderate,2018-11-06,32.0311,-96.3989,TX
1042,Rain,Light,2018-11-07,42.4932,-79.2762,NY
1043,Rain,Light,2018-11-08,26.6851,-80.0992,FL
1044,Rain,Light,2018-11-09,27.778000000000002,-97.6878,TX
1045,Rain,Light,2018-11-10,32.214,-83.12799999999999,GA
1046,Snow,Light,2018-11-11,42.1078,-77.9842,NY
1047,Fog,Moderate,2018-11-12,40.3552,-79.9214,PA
1048,Snow,Light,2018-11-13,42.2068,-75.9799,NY
1049,Rain,Light,2018-11-14,31.5401,-82.5074,GA
1050,Cold,Severe,2018-11-15,37.0816,-121.5968,CA
1051,Snow,Heavy,2018-11-16,41.6791,-70.9591,MA
1052,Fog,Severe,2018-11-17,38.2132,-122.2807,CA
1053,Snow,Light,2018-11-18,41.3518,-89.1496,IL
1054,Cold,Severe,2018-11-19,29.908,-96.95,TX
1055,Fog,Severe,2018-11-20,34.7275,-120.5783,CA
1056,Rain,Light,2018-11-21,37.7178,-122.2329,CA
1057,Fog,Severe,2018-11-22,35.2368,-120.64200000000001,CA
1058,Fog,Moderate,2018-11-23,36.8933,-121.4103,CA
1059,Snow,Light,2018-11-24,38.5339,-106.93299999999999,CO
1060,Rain,Light,2018-11-25,40.1206,-76.2945,PA
1061,Rain,Light,2018-11-26,29.5297,-98.2789,TX
1062,Snow,Moderate,2018-11-27,42.4269,-73.289,MA
1063,Rain,Light,2018-11-28,46.677,-122.9827,WA
1064,Rain,Light,2018-11-29,35.818000000000005,-83.9857,TN
1065,Rain,Light,2018-11-30,30.3564,-95.008,TX
1066,Rain,Light,2018-12-01,30.3564,-87.3233,FL
1067,Snow,Light,2018-12-02,37.3071,-108.6264,CO
1068,Rain,Light,2018-12-03,30.4833,-86.5254,FL
1069,Snow,Light,2018-12-04,39.2281,-106.3161,CO
1070,Rain,Light,2018-12-05,36.7003,-76.9021,DC
1071,Rain,Light,2018-12-06,36.5905,-121.8487,CA
1072,Rain,Light,2018-12-07,31.8693,-95.2174,TX
1073,Rain,Light,2018-12-08,27.778000000000002,-97.6878,TX
1074,Rain,Light,2018-12-09,31.8872,-81.5624,GA
1075,Snow,Moderate,2018-12-10,38.1374,-78.4552,DC
1076,Rain,Light,2018-12-11,32.567,-84.251,GA
1077,Rain,Light,2018-12-12,40.9785,-124.1048,CA
1078,Snow,Light,2018-12-13,42.1078,-77.9842,NY
1079,Rain,Light,2018-12-14,38.5452,-89.8352,IL
1080,Rain,Light,2018-12-15,28.615,-80.6945,FL
1081,Rain,Light,2018-12-16,41.0254,-80.4134,PA
1082,Snow,Light,2018-12-17,43.3504,-76.3832,NY
1083,Snow,Light,2018-12-18,42.1912,-71.1733,MA
1084,Rain,Light,2018-12-19,33.6011,-97.7735,TX
1085,Precipitation,UNK,2018-12-20,29.7268,-85.0248,FL
1086,Rain,Moderate,2018-12-21,38.9348,-77.4473,DC
1087,Fog,Moderate,2018-12-22,41.7713,-88.4815,IL
1088,Rain,Light,2018-12-23,47.0792,-122.5808,WA
1089,Cold,Severe,2018-12-24,37.0816,-121.5968,CA
1090,Fog,Moderate,2018-12-25,28.804000000000002,-82.318,FL
1091,Rain,Light,2018-12-26,34.8578,-102.3264,TX
1092,Rain,Light,2018-12-27,30.070999999999998,-94.21600000000001,TX
1093,Precipitation,UNK,2018-12-28,35.2115,-84.7998,TN
1094,Rain,Light,2018-12-29,32.1108,-84.1888,GA
1095,Rain,Light,2018-12-30,48.2515,-122.6737,WA
